column,action,count_abs_gt_8,count_abs_gt_12,min,q01,median,q99,max
LBXHSCRP_hs_c_reactive_protein_mg_l,reference_normalize,124,62,-0.9633333333333334,-0.9530666666666666,-0.3533333333333333,11.833799999999973,81.28666666666668
LBXSGTSI_gamma_glutamyl_transferase_ggt_iu_l,reference_normalize,101,58,-1.2857142857142858,-0.9523809523809524,-0.1904761904761904,11.266666666666667,112.61904761904762
ggt_u_l,reference_normalize,101,58,-1.2857142857142858,-0.9523809523809524,-0.1904761904761904,11.266666666666667,112.61904761904762
bmi,reference_normalize,230,32,-2.2187500000000004,-1.2500000000000002,2.1875000000000004,10.30250000000001,22.062500000000004
whq150___age_when_heaviest_weight,zscore_normalize,29,17,-3.13041317501473,-1.4429041263678617,-0.0576528351575517,1.3696109547102528,29.614167346005225
URDACT_albumin_creatinine_ratio_mg_g,zscore_normalize,26,17,-0.2737601756081397,-0.23708699044957254,-0.1151580466448923,2.4543997096911188,23.89216430780511
uacr_mg_g,zscore_normalize,26,17,-0.2737601756081397,-0.23708699044957254,-0.1151580466448923,2.4543997096911188,23.89216430780511
LBXSCR_creatinine_refrigerated_serum_mg_dl,reference_normalize,20,14,-1.9666666666666663,-1.1666666666666663,-0.1,2.433333333333333,39.46666666666667
serum_creatinine_mg_dl,reference_normalize,20,14,-1.9666666666666663,-1.1666666666666663,-0.1,2.433333333333333,39.46666666666667
URXUMA_albumin_urine_ug_ml,zscore_normalize,28,13,-0.2978544786910356,-0.2759007651837884,-0.1233137940929705,3.2866924896824354,22.611027176915627
URXUMS_albumin_urine_mg_l,zscore_normalize,28,13,-0.2978544786910356,-0.2759007651837884,-0.1233137940929705,3.2866924896824354,22.611027176915627
LBXSASSI_aspartate_aminotransferase_ast_u_l,reference_normalize,24,13,-1.3,-1.0,-0.3,4.7,30.933333333333337
ast_u_l,reference_normalize,24,13,-1.3,-1.0,-0.3,4.7,30.933333333333337
LBDBGESI_mercury_ethyl_nmol_l,zscore_normalize,20,13,-0.0945083407291209,-0.0945083407291209,-0.0752088771769804,-0.0381801774160587,26.866385083945566
LBXBGE_mercury_ethyl_ug_l,zscore_normalize,20,13,-0.0945083407291184,-0.0945083407291184,-0.0752088771769795,-0.0381801774160515,26.866385083945577
liver_stiffness_kpa,zscore_normalize,24,12,-1.1312906257660769,-0.7353526648165483,-0.1871671157774845,3.8144938529852435,16.882059995122955
LBXSF3SI_5_formyl_tetrahydrofolate_nmol_l,zscore_normalize,20,12,-0.1306565293970164,-0.1306565293970164,-0.0837712333122794,2.8172710848776705,21.340014382333425
alq142___#_days_have_4_or_5_drinks/past_12_mos,zscore_normalize,16,12,-0.7163603827774562,-0.7163603827774562,-0.4591552025035355,1.8096920837080928,16.214937075140085
pad680___minutes_sedentary_activity,zscore_normalize,40,9,-1.5963938578709502,-1.0167572457063403,-0.1342832323626555,2.007433774282928,25.874097952451436
alq170___past_30_days_#_times_4_5_drinks_on_an_oc,zscore_normalize,33,9,-0.1494723613109425,-0.1494723613109425,-0.1117669039413253,6.129124296205484,16.880655896613902
LBXVEA_blood_ethyl_acetate_ng_ml,zscore_normalize,16,9,-0.1197213355994156,-0.1197213355994156,-0.0951713359946448,1.5901022592110496,19.144765376013172
LBXVTC_blood_trichloroethene_ng_ml,zscore_normalize,16,9,-0.1397221279299194,-0.1397221279299194,-0.0772053374055242,-0.0606339062590821,18.678291568413933
LBDIHGSI_mercury_inorganic_nmol_l,zscore_normalize,15,9,-0.4452812511059741,-0.4452812511059741,-0.1540134697764562,3.5151981719186516,24.63426867892791
LBXIHG_mercury_inorganic_ug_l,zscore_normalize,15,9,-0.4448306948319643,-0.4448306948319643,-0.1539539725670941,3.5220471193790965,24.634005001037288
LBXVTHF_blood_tetrahydrofuran_ng_ml,zscore_normalize,10,9,-0.0847336238653134,-0.0847336238653134,-0.0563436169819005,-0.0432317814379824,19.131126469708992
LBXSCK_creatine_phosphokinase_cpk_iu_l,zscore_normalize,19,8,-1.0994895842670176,-0.859099101153118,-0.1878606408187293,3.3804407588480574,25.179590783037153
LBDSCRSI_creatinine_refrigerated_serum_umol_l,zscore_normalize,14,8,-3.988460809837611,-1.80708353438513,-0.1008929858936686,2.5426944495632546,21.952448728745907
LBXVC6_blood_cyclohexane_ng_ml,zscore_normalize,13,8,-1.0,-1.0,-0.0800676287930151,0.0023838776451260506,18.272277001624452
ocq180___hours_worked_last_week_in_total_all_jobs,zscore_normalize,9,8,-3.063771456557532,-2.0837060677978188,-0.0452757558758529,2.141759769342841,23.06494467742864
LBXFER_ferritin_ng_ml,reference_normalize,22,7,-1.1588405797101449,-1.0879710144927537,-0.1944444444444444,5.0822222222222235,34.958333333333336
ferritin_ng_ml,reference_normalize,22,7,-1.1588405797101449,-1.0879710144927537,-0.1944444444444444,5.0822222222222235,34.958333333333336
LBXSF2SI_folic_acid_nmol_l,zscore_normalize,21,7,-1.1815458522272846,-0.6328084012230943,-0.1519109065584096,4.277698934121891,16.446733029961685
LBXV4C_blood_tetrachloroethene_ng_ml,zscore_normalize,16,7,-0.1836385530439829,-0.1836385530439829,-0.1195449489670869,3.5092786686322537,17.7094311582976
LBXVMCP_blood_methylcyclopentane_ng_ml,zscore_normalize,16,7,-0.1748477994052773,-0.1748477994052773,-0.0905602348451335,2.188855197256186,18.110512860576193
LBDBCRSI_chromium_nmol_l,zscore_normalize,12,7,-0.3041962382102386,-0.3041962382102386,-0.2511357274404043,4.253184537017244,17.866760681735112
LBXBCR_chromium_ug_l,zscore_normalize,12,7,-0.3042628473958071,-0.3042628473958071,-0.2511949189695094,4.2534041935795806,17.866144216369822
LBDBCOSI_cobalt_nmol_l,zscore_normalize,11,7,-1.0878776156891448,-1.0878776156891448,-0.0677908356769148,2.078066713822664,27.35537617537996
LBXBCO_cobalt_ug_l,zscore_normalize,11,7,-1.0866343184752227,-1.0866343184752227,-0.0682342898808719,2.0770101959601304,27.355236771584256
LBXV07N_blood_heptane_ng_ml,zscore_normalize,8,7,-0.0779785735281101,-0.0779785735281101,-0.0561655956301617,1.0,17.888543819998315
LBDBPBSI_blood_lead_umol_l,zscore_normalize,16,6,-1.0894878094436284,-0.84911051951531,-0.234387025110235,4.049975707686662,19.175813121068593
LBXBPB_blood_lead_ug_dl,zscore_normalize,16,6,-1.0843890603895816,-0.8504335284783022,-0.2348381891200717,4.052454168342641,19.17331796251606
LBDPG4SI_progesterone_nmol_l,zscore_normalize,15,6,-1.0573755484113727,-0.8851024449344658,-0.22496261892314134,3.5890591599323316,20.832716356072183
LBXPG4_progesterone_ng_dl,zscore_normalize,15,6,-1.0572526473569042,-0.8850657142047611,-0.2247028173265702,3.5878677652025486,20.834440567547723
pad630___minutes_moderate_intensity_work,zscore_normalize,12,6,-1.2966866059668871,-1.2338713378577644,-0.1565487982197032,2.4325358870404643,20.109619684721157
SSVARMQ_varicella_igg_antibody_mba_quantitative,zscore_normalize,10,6,-0.8845651135470353,-0.778180678175516,-0.1322773935689818,2.675217658750078,23.24474104808056
URXBCPP_bis_1_chloro_2_propyl_phosphate,zscore_normalize,9,6,-0.4012291540197029,-0.4012291540197029,-0.1698036592564395,3.380605273641192,15.92436000288757
LBXVDB_blood_1_4_dichlorobenzene_ng_ml,zscore_normalize,18,5,-0.2060023463560212,-0.2060023463560212,-0.1435232536093079,4.1499163279313995,16.256341501047363
LBXSF5SI_5_10_methenyl_tetrahydrofolate_nmol_l,zscore_normalize,16,5,-0.2593671611664646,-0.2593671611664646,-0.191995275920917,4.3013785928244594,15.903651601282483
LBXV2A_blood_1_2_dichloroethane_ng_ml,zscore_normalize,15,5,-0.1481388631651161,-0.1481388631651161,-0.1054570925346671,4.91624583478235,16.761364152528817
LBXVBF_blood_bromoform_ng_ml,zscore_normalize,13,5,-0.2389792663033455,-0.2389792663033455,-0.1896775968121652,5.287495745105528,14.542672147220063
LBXVIBN_blood_isobutyronitrile_ng_ml,zscore_normalize,13,5,-0.3039164082775871,-0.3039164082775871,-0.1835214855489733,4.161065401540762,16.879408837499174
liver_stiffness_iqr_ratio,zscore_normalize,13,5,-1.6897525879791326,-1.2131091402393444,-0.123024504751476,2.7010712468624756,25.91632753862882
LBXVOX_blood_o_xylene_ng_ml,zscore_normalize,11,5,-0.4304652215596383,-0.4304652215596383,-0.1202173827196347,3.3013822749781943,17.849027564448285
URXTBBA_2_3_4_5_tetrabromobenzoic_acid,zscore_normalize,10,5,-0.2176063960800519,-0.2176063960800519,-0.1381371054763735,3.5313150950888135,16.150036668169193
LBDINSI,zscore_normalize,9,5,-1.0070590917019056,-0.8074808837559142,-0.233098279238877,4.009650246765047,16.400634383143814
LBXIN,zscore_normalize,9,5,-1.007059091701905,-0.8074808837559142,-0.2330982792388769,4.009650246765047,16.40063438314381
insulin_uU_ml,zscore_normalize,9,5,-1.007059091701905,-0.8074808837559142,-0.2330982792388769,4.009650246765047,16.40063438314381
LBXVME_blood_mtbe_ng_ml,zscore_normalize,8,5,-1.0,-1.0,-0.0955991302079915,-0.0516225732919679,16.893519091920982
pad615___minutes_vigorous_intensity_work,zscore_normalize,7,5,-1.360521025365589,-1.287981640563121,-0.1532323925966715,2.2508350650138893,16.21863364933277
whd020___current_self_reported_weight_(pounds),zscore_normalize,26,4,-0.2308711090240215,-0.20774647986615488,-0.1421497262550489,6.470398080077588,12.217532701108608
URXBCEP_bis_2_chloroethyl_phosphate,zscore_normalize,10,4,-0.5301306623548727,-0.5301306623548727,-0.19484961658050484,4.223817621015888,15.928955074033
URXOP4_diethylthiophosphate_ng_ml,zscore_normalize,10,4,-0.4478351818088981,-0.4478351818088981,-0.2196222552322021,4.48214372733276,14.857799910845072
LBDFERSI_ferritin_ug_l,zscore_normalize,9,4,-1.2679834463641175,-1.0524762630513338,-0.2543518057188543,3.6606314170099643,17.698931462375562
LBXVCF_blood_chloroform_ng_ml,zscore_normalize,9,4,-0.6298046825410488,-0.6298046825410488,-0.2583859406431644,3.517012789597521,16.078116609188303
LBXVXY_blood_m_p_xylene_ng_ml,zscore_normalize,9,4,-0.57256069224651,-0.57256069224651,-0.1226289735518068,3.414127756271614,17.85612185362041
URXUSB_antimony_urine_ug_l,zscore_normalize,9,4,-0.7095067551210332,-0.7095067551210332,-0.1941487194842302,3.974081661856411,15.171429727277598
URX34M_3_methipurc_acd_4_methipurc_acd_ng_ml,zscore_normalize,8,4,-0.6668710686665641,-0.6165131120160207,-0.2178885866897826,3.503266999032466,15.131532080800884
LBXVEB_blood_ethylbenzene_ng_ml,zscore_normalize,7,4,-0.5349126140696104,-0.5349126140696104,-0.1386864595361896,3.7560315650940734,17.844312202026163
URXOP1_dimethylphosphate_ng_ml,zscore_normalize,7,4,-0.6358819806015219,-0.5801479180807918,-0.14863616164375798,4.162617471545822,15.965404037290686
SSMUMPQ_mumps_igg_antibody_mba_quantitative,zscore_normalize,6,4,-0.9209556583303422,-0.8464586784339714,-0.0647668239316747,3.4378976173710147,25.88227968001549
whd140___self_reported_greatest_weight_(pounds),zscore_normalize,69,3,-0.231662763210505,-0.19977488475523392,-0.1240685051182341,6.4657878119832635,14.096680981401416
rhq010___age_when_first_menstrual_period_occurred,zscore_normalize,24,3,-2.639040653636577,-1.5371675407085312,-0.0945282505157411,2.319388354539629,16.374141854491842
LBDTHGSI_blood_mercury_total_nmol_l,zscore_normalize,19,3,-0.5650491356109436,-0.5650491356109436,-0.3047988142212074,4.1709004192317725,15.313903992307493
LBXTHG_blood_mercury_total_ug_l,zscore_normalize,19,3,-0.5651425863377052,-0.5651425863377052,-0.3045472014744486,4.170776414474481,15.313806647685976
rxddays___number_of_days_taken_medicine,zscore_normalize,17,3,-0.7455877870463693,-0.7327853565669129,-0.2136964733390068,3.4287688947998416,18.924145060303097
LBDBGMSI_mercury_methyl_nmol_l,zscore_normalize,16,3,-0.534842639376139,-0.534842639376139,-0.3303236556879922,4.208355300714023,16.47852850691877
LBXBGM_mercury_methyl_ug_l,zscore_normalize,16,3,-0.5349145141462599,-0.5349145141462599,-0.3298996828226683,4.2078063308722005,16.47823666719129
LBDESOSI_estrone_pmol_l,zscore_normalize,13,3,-2.5190404934678075,-1.3919551973948974,-0.1737634284923138,3.485398829429813,15.313550478377577
LBXESO_estrone_ng_dl,zscore_normalize,13,3,-2.519378249220046,-1.3918835035756458,-0.17461367350493906,3.4860443244128336,15.31155622694642
LBXV08N_blood_octane_ng_ml,zscore_normalize,13,3,-0.1479288040073966,-0.1479288040073966,-0.1213170231819069,6.0696028054738695,17.013498986613627
LBXVBZN_blood_benzonitrile_ng_ml,zscore_normalize,13,3,-0.3306821361066376,-0.3306821361066376,-0.2245321820945083,4.497982395504892,16.82910780137064
URXUCM_chromium_urine_ug_l,zscore_normalize,9,3,-0.482780495714645,-0.482780495714645,-0.195075324624817,4.054116010161992,16.303979551796196
URXUMN_manganese_urine_ug_l,zscore_normalize,9,3,-0.3884163380129132,-0.3884163380129132,-0.2371270458157329,4.535615036030194,14.597083373863974
URXUP8_perchlorate_urine_ng_ml,zscore_normalize,9,3,-0.9186773907367002,-0.815212485623551,-0.2277462162024828,3.8477897512655033,13.0548826249422
URXUSN_tin_urine_ug_l,zscore_normalize,9,3,-0.5236306672379044,-0.5236306672379044,-0.2186690954538865,4.023123850228049,14.41192227279023
LBXNRBC_nucleated_red_blood_cells_100_wbc,zscore_normalize,8,3,-1.250034470115266,-1.250034470115266,0.105520745695594,2.676389822642794,20.719602680770773
URXUTU_tungsten_urine_ug_l,zscore_normalize,8,3,-0.7603160936905341,-0.7058743411033308,-0.1831190336953692,4.1336233383885554,15.041898476151186
URXDBUP_dibutyl_phosphate,zscore_normalize,7,3,-0.447297464397282,-0.447297464397282,-0.2093755686187037,4.73414599430662,16.494903089650215
URXUAC_urinary_arsenocholine_ug_l,zscore_normalize,7,3,-0.2915666824240476,-0.2915666824240476,-0.1862669905270084,4.42024853726027,14.192194488613296
URXUHG_urine_mercury_ug_l,zscore_normalize,7,3,-0.6068173799402221,-0.6068173799402221,-0.2706837670047131,3.9385857545149676,14.302749760682978
LBDAMHSI_anti_mullerian_hormone_pmol_l,zscore_normalize,4,3,-1.3854925080846692,-1.106145196449203,-0.1558433168603553,3.50884445542947,21.142263898900183
LBXAMH_anti_mullerian_hormone_ng_ml,zscore_normalize,4,3,-1.38534240484769,-1.1060793017980552,-0.1554690643786037,3.5088146569896983,21.142259368425872
LBXSATSI_alanine_aminotransferase_alt_u_l,reference_normalize,4,3,-1.2105263157894737,-1.0,-0.4736842105263157,3.122448979591837,26.551020408163264
alt_u_l,reference_normalize,4,3,-1.2105263157894737,-1.0,-0.4736842105263157,3.122448979591837,26.551020408163264
rhd180___age_at_first_live_birth,zscore_normalize,3,3,-1.1314694304961566,-1.1314694304961566,-0.0848506039050119,2.3336968253874883,22.23388445419064
LBDESTSI_estradiol_pmol_l,zscore_normalize,16,2,-2.318453078493504,-1.4533428930772583,-0.1750717157335523,3.482946885988966,21.18660486805776
LBXEST_estradiol_pg_ml,zscore_normalize,16,2,-2.319549344566908,-1.453587539645258,-0.1746990146940794,3.4891824101634197,21.17499860179556
LBDES1SI_estrone_sulfate_pmol_l,zscore_normalize,14,2,-1.2727091655329736,-1.0944450116910793,-0.2289836232168758,4.093897515205229,16.718938616750712
LBXES1_estrone_sulfate_pg_ml,zscore_normalize,14,2,-1.2736002960490818,-1.0940073980436449,-0.228616309811163,4.095125206722446,16.723802955862258
SSRUBQ_rubella_igg_antibody_mba_quantitative,zscore_normalize,13,2,-0.8543873239815348,-0.7340554908076037,-0.2837246211266129,4.295988904108348,12.672515973793695
URXBMA_n_acetyl_s_benzyl_l_cysteine_ng_ml,zscore_normalize,10,2,-0.7325572990417267,-0.682524151589792,-0.1765634602067675,3.7244415674991207,15.66892495670742
URXOP5_dimethyldithiophosphate_ng_ml,zscore_normalize,10,2,-0.3349656496793675,-0.3349656496793675,-0.2357949196086476,5.144567187781455,14.33608440585723
URXOP6_diethyldithiophosphate_ng_ml,zscore_normalize,10,2,-0.2255858909551697,-0.2255858909551697,-0.1629244874010705,5.098627506746745,15.952447128300278
SSBPPP_4_tert_butyl_phenyl_phenyl_phosphateug_l,zscore_normalize,9,2,-0.2554134461872414,-0.2554134461872414,-0.2199703915193372,5.576534912520738,12.576963660028628
URXTTC_2_thioxothiazolidine_4_carboxylic_acid,zscore_normalize,9,2,-0.3359712904958926,-0.3359712904958926,-0.2541767108323099,4.5190989575789136,14.373837983157552
smd030___age_started_smoking_cigarettes_regularly,zscore_normalize,9,2,-3.869786496016605,-2.7819016222398343,-0.086146103271693,3.2082651166026794,17.048016495627106
LBDSTRSI_triglycerides_refrig_serum_mmol_l,zscore_normalize,8,2,-1.3064167892152383,-1.0721059651972575,-0.2649046021158971,3.7718836712726715,15.173581889026922
LBXSTR_triglycerides_refrig_serum_mg_dl,zscore_normalize,8,2,-1.3067361770809294,-1.0721702553728412,-0.265173312723747,3.7722853578919966,15.17348100788483
SSIPPP_2_isopropyl_phenyl_phenyl_phosphateug_l,zscore_normalize,8,2,-0.3385913436410447,-0.3385913436410447,-0.2130144115502777,4.582890059836328,14.195878445841617
alq280___#_times_8+_drinks_in_1_day/past_12_mos,zscore_normalize,8,2,-0.7870875084202773,-0.7870875084202773,-0.3343773583555707,2.351515238240874,14.711159026060756
LBX2DF_blood_2_5_dimethylfuran_ng_ml,zscore_normalize,7,2,-0.4380526153000613,-0.4380526153000613,-0.3248871484895716,4.394657292896503,13.502942531670763
URDFLOW1_urine_1_flow_rate_ml_min,zscore_normalize,7,2,-1.137710044883845,-0.9593561125073832,-0.2706351486366321,3.910221762447677,15.185045718237053
URXOP2_diethylphosphate_ng_ml,zscore_normalize,7,2,-0.7573499745211318,-0.7038882451542358,-0.2488743970329148,4.37110792545535,13.771045685017176
LBD17HSI_17a_hydroxyprogesterone_nmol_l,zscore_normalize,6,2,-1.7773831998945082,-1.2857560602760536,-0.28081299719492436,3.4311220236442947,14.988967985215352
LBX17H_17a_hydroxyprogesterone_ng_dl,zscore_normalize,6,2,-1.7779021179437904,-1.2861858205273162,-0.2807319296853919,3.4306418297401318,15.015563938756086
LBXPFHS_perfluorohexane_sulfonic_acid_ng_ml,zscore_normalize,6,2,-1.0789532641463713,-0.8423271484147375,-0.2078074101553855,4.674991204523203,14.539487795323517
URX2MH_2_methylhippuric_acid_ng_ml,zscore_normalize,6,2,-0.6311703979875083,-0.6311703979875083,-0.2252885248741997,4.127590536830691,15.284320849439242
URXBDCP_bis_1_3_dichloro_2_propyl_phosphate,zscore_normalize,6,2,-0.8183028176431012,-0.7566756486343715,-0.2336894146762601,3.8937584584596596,16.17326816890207
URXUNI_nickel_urine_ug_l,zscore_normalize,6,2,-1.0141880011833295,-0.931059955995375,-0.2214224645101749,3.749150530679017,14.355550546024082
smd650___avg_#_cigarettes/day_during_past_30_days,zscore_normalize,6,2,-1.353469543887824,-1.1914914421358542,-0.1325280934531355,3.236027834990624,13.254465811432496
LBXVBZ_blood_benzene_ng_ml,zscore_normalize,5,2,-0.5368380231741847,-0.5368380231741847,-0.3172196148420639,4.037414017280966,15.55214949973892
smq050q___how_long_since_quit_smoking_cigarettes,zscore_normalize,4,2,-1.5028271124761168,-1.3461857298738793,-0.0795899701676002,3.0691791290242163,14.3177085684148
LBXSAPSI_alkaline_phosphatase_alp_iu_l,reference_normalize,2,2,-1.4,-0.8588235294117647,0.1294117647058823,2.5714285714285716,13.305882352941175
alp_u_l,reference_normalize,2,2,-1.4,-0.8588235294117647,0.1294117647058823,2.5714285714285716,13.305882352941175
alq121___past_12_mo_how_often_drink_alcoholic_bev,zscore_normalize,2,2,-2.3774716773535713,-2.060910198461149,0.0621327039903974,1.6257207064104942,17.94497127542436
rhd190___age_at_last_live_birth,zscore_normalize,2,2,-2.357144399099381,-2.1442946755828225,-0.0315979298215126,1.899850071231776,17.661858919284484
LBDSGLSI_glucose_refrigerated_serum_mmol_l,zscore_normalize,14,1,-2.916193457172623,-1.217139830096004,-0.2195529702091926,4.540452725284,15.746769087927667
LBXSGL_glucose_refrigerated_serum_mg_dl,zscore_normalize,14,1,-2.9153966184927955,-1.2207550451597424,-0.2209395390377966,4.540836980475624,15.742265563421077
LBXFSH_follicle_stimulating_hormone_miu_ml,zscore_normalize,13,1,-2.2602022611446264,-1.7039004560462734,-0.1779053619049474,3.5446111959052624,18.818704696673706
URXOP3_dimethylthiophosphate_ng_ml,zscore_normalize,10,1,-0.4917817942530773,-0.4917817942530773,-0.2601764213451695,4.697150287148832,12.601590539750928
URXUAB_urinary_arsenobetaine_ug_l,zscore_normalize,10,1,-0.4085275210294804,-0.4085275210294804,-0.2340615259072355,4.648260707063471,13.960221458007592
URXUAS5_urinary_arsenic_acid_ug_l,zscore_normalize,10,1,-0.2349759853901634,-0.2349759853901634,-0.2078520896734906,4.910744386966897,12.795985519734502
alq130___avg_#_alcoholic_drinks/day___past_12_mos,zscore_normalize,10,1,-0.855275343178588,-0.855275343178588,-0.0938207269157346,3.712576298554708,24.81826209266672
URXDPHP_diphenyl_phosphate,zscore_normalize,9,1,-0.8143025468231385,-0.7279310487828831,-0.2546180814257547,4.4419050895799534,13.271036752838818
LBDEONO_eosinophils_number_1000_cells_ul,zscore_normalize,7,1,-1.398470090292273,-1.3142015811345835,-0.0925816436081993,3.6830444754330904,18.188663171649345
LBXSF6SI_mefox_oxidation_product_nmol_l,zscore_normalize,7,1,-1.126103564850759,-0.9526006729208046,-0.283532357525085,4.010595513875992,14.636483937253086
LBXVBM_blood_bromodichloromethane_ng_ml,zscore_normalize,7,1,-0.3791755039910481,-0.3791755039910481,-0.3084415350690586,4.630043644987352,12.30476405300116
URXBPM_n_acetyl_s_n_propyl_l_cysteine_ng_ml,zscore_normalize,7,1,-0.5909953532322433,-0.5768654124538087,-0.2282668681731475,4.26272796176066,15.02201814263855
URXHP2_n_ace_s_2_hydroxypropyl_l_cys_ng_ml,zscore_normalize,7,1,-0.7998989994250528,-0.7550429912783013,-0.2609902258168423,4.599250766276997,13.528181247532848
URXUAS_arsenic_total_urine_ug_l,zscore_normalize,7,1,-0.6633017553354476,-0.6047422442185895,-0.24225329546259916,4.649451755977873,13.60955725585414
URXUBA_barium_urine_ug_l,zscore_normalize,7,1,-0.8342242515742203,-0.7696795362239242,-0.2502258898434638,3.666011042014407,14.388631689304528
LBXPFDE_perfluorodecanoic_acid_ng_ml,zscore_normalize,6,1,-0.7265661697684314,-0.7265661697684314,-0.2675322905362593,4.111938293145166,12.902966007667931
URXPHG_phenylglyoxylic_acid_ng_ml,zscore_normalize,6,1,-1.268354768563685,-1.072018205891343,-0.2344848363051377,3.35895047437255,13.53000247014134
URXUIO_iodine_urine_ug_l,zscore_normalize,6,1,-0.8445888502859475,-0.7699639141728791,-0.2255797345624348,4.857503733143315,14.325538249628512
URXUPB_lead_urine_ug_l,zscore_normalize,6,1,-1.142047891331645,-1.0267275979981438,-0.2150666658028089,3.725447247018097,15.54396468440514
LBDTFRSI_transferrin_receptor_nmol_l,zscore_normalize,5,1,-0.941071034450478,-0.7676541666013944,-0.2525875167994353,4.432621766070536,12.991557575757795
LBDTRSI_triglyceride_mmol_l,zscore_normalize,5,1,-1.389141808085977,-1.1163361661041695,-0.2474162374909038,3.8195675634975905,12.935545147020804
LBXEOPCT_eosinophils_percent,zscore_normalize,5,1,-1.4403285140615565,-1.19355312649752,-0.2506876332848876,3.610481409861096,12.348159665841017
LBXHCOT_hydroxycotinine_serum_ng_ml,zscore_normalize,5,1,-0.5578586500349191,-0.5578586500349191,-0.3552881390645047,4.138181925755684,14.244894235617686
LBXNFOA_n_perfluorooctanoic_acid_ng_ml,zscore_normalize,5,1,-1.669561372592932,-1.1962212473459422,-0.197927272677022,3.9958118166950065,13.761920571219214
LBXTFR_transferrin_receptor_mg_l,zscore_normalize,5,1,-0.9401002427244572,-0.7675260862727531,-0.2522889852385657,4.434292099437154,12.995245152977231
LBXVCM_blood_dibromochloromethane_ng_ml,zscore_normalize,5,1,-0.2745552273005416,-0.2745552273005416,-0.2517536843158203,5.02746805532697,14.538232453022555
SSMMAC_n_acetyl_s_methyl_l_cysteine_ng_ml,zscore_normalize,5,1,-0.7524938886992546,-0.7524938886992546,-0.25971257565587624,4.019388093984798,13.423581897981286
URXMAD_mandelic_acid_ng_ml,zscore_normalize,5,1,-1.1022159348787763,-0.959062785397747,-0.2365492771038167,3.7302598451195883,12.980855852956044
did341___past_year_times_dr_check_feet_for_sores,zscore_normalize,5,1,-1.224744871391589,-0.91364955501897,-0.1224159659896295,4.946082765418478,12.529766912471056
pad645___minutes_walk/bicycle_for_transportation,zscore_normalize,5,1,-0.7166523766117424,-0.7166523766117424,-0.1520586403692141,4.670449506853161,12.848169372138514
transferrin_receptor_mg_l,zscore_normalize,5,1,-0.9401002427244572,-0.7675260862727531,-0.2522889852385657,4.434292099437154,12.995245152977231
LBXRDW_red_cell_distribution_width,zscore_normalize,4,1,-2.1440330117254964,-1.400750137243679,-0.228379231435511,3.8003499998860697,12.294529113096887
LBXSHBG_shbg_nmol_l,zscore_normalize,4,1,-1.9452411063927608,-1.325296212668718,-0.24248424235842658,3.56295620566266,14.551787285253472
LBXSLDSI_lactate_dehydrogenase_ldh_iu_l,zscore_normalize,4,1,-3.4902510780266325,-1.7947863493275893,-0.12895443221896954,3.158254976774594,14.355829525454828
URXCYHA_cyha_cysteine_ng_ml,zscore_normalize,4,1,-0.4690719492282016,-0.4690719492282016,-0.3124537115573995,4.593007094316952,12.215347180149813
URXCYM_n_acetyl_s_2_cyanoethyl_l_cyst_ng_ml,zscore_normalize,4,1,-0.5168572936782941,-0.5157640961212095,-0.3767668161308007,4.241442530451629,13.920752290509087
URXUCO_cobalt_urine_ug_l,zscore_normalize,4,1,-1.22207682001886,-1.0137055119955662,-0.2078841555189944,4.260998279192051,12.091106259927528
URXUDMA_urinary_dimethylarsinic_acid_ug_l,zscore_normalize,4,1,-0.8196619305195844,-0.8196619305195844,-0.27943890199074417,4.454170208318145,12.684356191811965
LBXTR_triglyceride_mg_dl,reference_normalize,3,1,-0.9333333333333332,-0.8333333333333334,-0.4333333333333333,1.5871999999999873,16.893333333333334
URXAAM_n_ace_s_2_carbamoylethyl_l_cys_ng_ml,zscore_normalize,3,1,-0.886809554084438,-0.775752548974357,-0.2987474483837042,4.156303699278629,14.605199238837937
did260___how_often_check_blood_for_glucose/sugar,zscore_normalize,3,1,-1.414213562373095,-1.1307312318891618,-0.0916735750670078,3.427983473232928,12.523268839989893
triglycerides_mg_dl,reference_normalize,3,1,-0.9333333333333332,-0.8333333333333334,-0.4333333333333333,1.5871999999999873,16.893333333333334
LBDLYMNO_lymphocyte_number_1000_cells_ul,zscore_normalize,2,1,-3.205571739714283,-1.8110872126606556,-0.1548279547061183,2.947477204359184,12.728798527113378
URXGAM_n_ac_s_2_carbmo_2_hydxel_l_cys_ng_ml,zscore_normalize,2,1,-0.5843001100335775,-0.5843001100335775,-0.3789984552330469,4.154886949708124,12.993909320769326
pad660___minutes_vigorous_recreational_activities,zscore_normalize,2,1,-1.524206403706276,-1.2508800837136422,-0.1370329360176295,3.4097112773470917,15.479121828362796
LBDIRNSI_iron_frozen_serum_umol_l,zscore_normalize,1,1,-2.328784090565315,-1.69456730821553,-0.1409529942529343,2.986946130417978,12.069294632427956
URXSCN_thiocyanate_urine_ng_ml,zscore_normalize,1,1,-0.7839542284236887,-0.7316499850527486,-0.3439294644964098,4.1749430615309775,13.542093933951511
whd010___current_self_reported_height_(inches),zscore_normalize,50,0,-0.1852107058703886,-0.182318182335046,-0.1272760780055796,6.4549575418471505,9.313920413525594
whd050___self_reported_weight___1_yr_ago_(pounds),zscore_normalize,36,0,-0.2272431748510792,-0.2063379000195379,-0.1418924803184808,6.304185942321528,10.989532016367493
alq270___#_times_4_5_drinks_in_2hrs/past_12_mos,zscore_normalize,18,0,-0.7518597320602749,-0.7518597320602749,-0.3134505464959353,4.916447265755226,11.29539039376468
bpd035___age_told_had_hypertension,zscore_normalize,17,0,-2.6489461638754292,-0.8798285472871961,-0.104592625276189,6.761487290484374,10.229126594847775
SSMEASQ_measles_igg_antibody_mba_quantitative,zscore_normalize,11,0,-0.7997590974599479,-0.7330359868719737,-0.3172073321538252,4.5570873629045465,10.579859772218652
rhq060___age_at_last_menstrual_period,zscore_normalize,9,0,-0.3548292465909746,-0.3163012963954028,-0.1298164503607876,6.684052923980922,8.154695510182188
whd110___self_reported_weight_10_yrs_ago_(pounds),zscore_normalize,9,0,-0.2440628475092614,-0.22926976385929285,-0.1803500325618532,6.014859175334806,8.118223651025634
LBXSF4SI_tetrahydrofolate_nmol_l,zscore_normalize,7,0,-1.665986712917421,-1.471468322567358,-0.15486110562829986,3.7358031991874845,11.608029653530778
liver_valid_measures,zscore_normalize,7,0,-5.217129289466525,-0.921650015246204,-0.4703091783940983,3.6807176987228303,8.55767505018263
med_count,zscore_normalize,7,0,-0.8770136857086216,-0.8770136857086216,-0.3216482508156146,4.4064322668670215,9.863232611368211
LBDSBUSI_blood_urea_nitrogen_mmol_l,zscore_normalize,6,0,-2.8576196617557943,-1.8240193125254471,-0.1235672590230634,2.8861359594352596,11.781345233022432
LBXLUH_luteinizing_hormone_miu_ml,zscore_normalize,6,0,-2.332973882924786,-1.6794271601417652,-0.1954742603264494,3.671244690331557,11.868048673811764
LBXMPAH_2_n_methyl_pfosa_acetic_acid_ng_ml,zscore_normalize,6,0,-0.5455972446690995,-0.5455972446690995,-0.3710318997858306,4.101938023166272,10.229369803772745
LBXSBU_blood_urea_nitrogen_mg_dl,zscore_normalize,6,0,-2.8540492400639845,-1.824908572177712,-0.1225203635030972,2.8866189752326648,11.782467418846856
URXMUCA_trans_trans_muconic_acid_ng_ml,zscore_normalize,6,0,-0.6037326289741389,-0.6037326289741389,-0.2868550486931175,4.618169326553917,11.284552437920574
LBDBCDSI_blood_cadmium_nmol_l,zscore_normalize,5,0,-0.8373630025489694,-0.7739255836260402,-0.3450552487987632,4.2552899645501805,11.107146323421867
LBDGLUSI_fasting_glucose_mmol_l,zscore_normalize,5,0,-2.88114787659769,-1.2331463221242922,-0.2380943590362862,4.721843815581628,9.68966448905533
LBXBCD_blood_cadmium_ug_l,zscore_normalize,5,0,-0.8374191632696648,-0.7739860507699207,-0.3450500316891493,4.25536666604337,11.10711468759716
LBXVFN_blood_furan_ng_ml,zscore_normalize,5,0,-0.4580920206260147,-0.4580920206260147,-0.3226371096486616,4.295580360038867,10.14998162454915
mcd180m___age_when_told_you_had_thyroid_problem,zscore_normalize,5,0,-2.9566479692393344,-1.952794263171277,-0.1052281379457792,1.8285102740397159,11.789812072240728
mcq025___age_when_first_had_asthma,zscore_normalize,5,0,-0.2007400343490445,-0.2005840090617063,-0.1262735834095495,5.999996619964431,10.999988414924298
LBDANDSI_androstenedione_nmol_l,zscore_normalize,4,0,-2.326394345933537,-1.4422308546024305,-0.1938010978199915,3.46291824306865,9.613281359596105
LBXAND_androstenedione_ng_dl,zscore_normalize,4,0,-2.326168324374377,-1.4406104261988353,-0.194438033309078,3.4577097573887263,9.606936480360233
URXUMO_molybdenum_urine_ug_l,zscore_normalize,4,0,-1.1773648964780177,-1.065474650787071,-0.2279358674273399,3.7026713354200367,11.627625710245104
LBDSTBSI_total_bilirubin_umol_l,zscore_normalize,3,0,-1.5073666166373003,-1.273924723625233,-0.3175230651213848,3.583801788825527,9.37865841807801
LBXNFOS_n_perfluorooctane_sulfonic_acid_ng_ml,zscore_normalize,3,0,-1.3407788702627503,-1.1056704870416465,-0.2935025045236155,4.6544319194973145,9.450690617521222
SSPPMA_ppma_ng_ml,zscore_normalize,3,0,-0.4540257077407899,-0.4540257077407899,-0.2911666121960538,4.685705379106794,11.35006727307945
URXHEM_n_ace_s_2_hydroxyethyl_l_cys_ng_ml,zscore_normalize,3,0,-0.5358289226448748,-0.5358289226448748,-0.277166326807739,4.496407804308041,11.806265865727644
URXMB3_n_a_s_4_hydrxy_2_butenyl_l_cys_ng_ml,zscore_normalize,3,0,-0.6265244391665964,-0.5743017388893771,-0.3447730871358392,4.386066485952618,10.368609666585176
URXNO3_nitrate_urine_ng_ml,zscore_normalize,3,0,-1.5410556767419912,-1.2645492101499205,-0.2260270249296998,4.01757476857515,9.20691272768895
URXPHMA_phenylmercapturic_acid_ng_ml,zscore_normalize,3,0,-0.5028031518501813,-0.5028031518501813,-0.309738248613869,4.815291242817056,11.41537421645818
URXUCD_cadmium_urine_ug_l,zscore_normalize,3,0,-0.902627097246975,-0.8725213874685157,-0.2924200565985739,4.325187428979729,10.546595591038876
WTSSMMPP_surplus_spec_mmrv_weights_prepandemic,zscore_normalize,3,0,-0.912375947758276,-0.912375947758276,-0.2811778195621135,4.169519436572362,9.255089558238463
WTTSTPP_tst_subsample_weights_pre_pandemic,zscore_normalize,3,0,-0.9137114672422064,-0.9137114672422064,-0.2917998317772479,4.249942324861097,9.552667104527613
interview_weight,zscore_normalize,3,0,-0.9552377650081136,-0.8466317239876524,-0.340294526962777,4.26401372962318,8.932798698825929
mec_exam_weight,zscore_normalize,3,0,-1.0015858758717795,-0.9634020559524314,-0.3220642299795451,4.323046407067543,9.253990669460668
LBDBMNSI_blood_manganese_nmol_l,zscore_normalize,2,0,-2.606178184550132,-1.5930300358406617,-0.1749087434014865,3.133161569642853,11.933195934116972
LBDFOTSI_serum_total_folate_nmol_l,zscore_normalize,2,0,-1.7842987748220265,-1.4106104595754216,-0.2197402263605619,3.122730079411414,11.127565286484597
LBDFOT_serum_total_folate_ng_ml,zscore_normalize,2,0,-1.783807081188276,-1.4102294843551006,-0.21792648388337366,3.121085312585549,11.130025648135616
LBDHDDSI_direct_hdl_cholesterol_mmol_l,zscore_normalize,2,0,-3.126817496695692,-1.6646092525772098,-0.1509204097110177,3.141600360667363,9.04545771692258
LBDHDD_direct_hdl_cholesterol_mg_dl,reference_normalize,2,0,-3.1333333333333333,-2.2,-0.7,2.2943333333333307,8.266666666666667
LBDSPHSI_phosphorus_mmol_l,zscore_normalize,2,0,-4.225615695576528,-2.167350009732583,-0.0157119592872549,2.44726732898967,10.813906630874229
LBXBMN_blood_manganese_ug_l,zscore_normalize,2,0,-2.606229637846769,-1.5930218277047026,-0.1748687162187146,3.1331905486706777,11.933135555359009
LBXMC_mean_cell_hgb_conc_g_dl,zscore_normalize,2,0,-8.32922525103633,-2.7774533672551445,0.0590163554855628,2.0635256603976706,5.350782485162183
LBXPFNA_perfluorononanoic_acid_ng_ml,zscore_normalize,2,0,-1.2630791810629307,-1.1616926738891675,-0.3096339276401869,3.838049370710796,8.382994196056117
LBXSPH_phosphorus_mg_dl,zscore_normalize,2,0,-4.227995146856832,-2.166463733836681,-0.0172049145572075,2.4482372383281126,10.813591832299922
URXATC_2_amnothiazolne_4_carbxylic_acid_ng_ml,zscore_normalize,2,0,-0.890419281644708,-0.8438533042261046,-0.3096210296292868,4.17773138410226,10.240421982462124
URXHPM_n_ace_s_3_hydroxypropyl_l_cys_ng_ml,zscore_normalize,2,0,-0.7555859566451417,-0.6481642305687625,-0.3241871898656152,4.89381234608929,9.724309600799987
URXPMM_n_a_s_3_hydrxprpl_1_metl_l_cys_ng_ml,zscore_normalize,2,0,-0.6231614634230314,-0.5962980318920439,-0.3287777848941144,4.691457747889312,9.407845438313364
did040___age_when_first_told_you_had_diabetes,zscore_normalize,2,0,-4.205050485113428,-2.37928779336496,-0.0900660872396284,1.6424718649426635,11.360265441320694
did350___how_often_do_you_check_your_feet,zscore_normalize,2,0,-2.0,-1.1164799153299958,-0.210078219461586,4.2452143088244245,9.816780130257031
hdl_cholesterol_mg_dl,reference_normalize,2,0,-3.1333333333333333,-2.2,-0.7,2.2943333333333307,8.266666666666667
mcq570___age_when_1st_had_gallbladder_surgery?,zscore_normalize,2,0,-3.5035326187372764,-1.9963774979585476,-0.11874195319283509,5.522672377429669,8.544000037035062
smd057___#_cigarettes_smoked_per_day_when_quit,zscore_normalize,2,0,-1.2515759315910668,-1.1497549487784535,-0.1572184952102446,3.097008023776468,11.551738262968666
LBDBSESI_blood_selenium_umol_l,zscore_normalize,1,0,-3.9334933342143663,-2.0548415678936474,-0.0718945834630816,2.7915880345524116,8.551948995485345
LBDMONO_monocyte_number_1000_cells_ul,zscore_normalize,1,0,-2.6116175128014563,-1.6971421013224113,-0.1646849104711464,3.152530773852131,9.216083972909992
LBDSCASI_total_calcium_mmol_l,zscore_normalize,1,0,-6.970155054794372,-2.3737622839431,-0.080294978599994,2.493550092280411,8.020104883156469
LBDSIRSI_iron_refrigerated_serum_umol_l,zscore_normalize,1,0,-2.299591060185987,-1.716574773472139,-0.1296225654731407,2.944414353301217,11.98041416070478
LBXBAPCT_basophils_percent,zscore_normalize,1,0,-2.3349946349068027,-1.6960976291101255,-0.1402357626288091,3.1608549769398513,10.769853730062012
LBXBSE_blood_selenium_ug_l,zscore_normalize,1,0,-3.9291426717636977,-2.050197562423474,-0.0696048156195137,2.782225859479679,8.560571860683835
LBXCOT_cotinine_serum_ng_ml,zscore_normalize,1,0,-0.5946413613234044,-0.5946413613234044,-0.3970378898051516,3.8069446258786845,10.215499686404248
LBXEOA_ethylene_oxide_pmol_g_hb,zscore_normalize,1,0,-0.6969554650402355,-0.654110310413197,-0.3938848426604384,4.108515873986388,10.0055499086628
LBXPFUA_perfluoroundecanoic_acid_ng_ml,zscore_normalize,1,0,-0.5698429827557296,-0.5698429827557296,-0.3989461021193187,5.029588476021997,8.336475006638343
URDTIME1_minutes_b_w_last_urination_urine_1,zscore_normalize,1,0,-1.4324014278418205,-1.1293404410401575,-0.263098835905429,4.15088677395967,8.984904978462607
URXAMC_n_ace_s_n_methlcarbamoyl_l_cys_ng_ml,zscore_normalize,1,0,-0.8094065527670824,-0.7725154214606101,-0.3289394050213742,4.344492944998462,11.56412817317478
URXCEM_n_acetyl_s_2_carbxyethyl_l_cys_ng_ml,zscore_normalize,1,0,-0.9645274505879056,-0.8468222579158841,-0.3266988810651225,4.236949337655319,8.573367299630156
URXCRS_creatinine_urine_umol_l,zscore_normalize,1,0,-1.616605353470291,-1.4702900786528916,-0.1534526052962968,3.110857914081846,8.229322035242179
URXIPM3_ipm3_cysteine_ng_ml,zscore_normalize,1,0,-0.5144363501795189,-0.5059234410425945,-0.3416340231039791,4.726297464612879,10.953990443440984
URXUAS3_urinary_arsenous_acid_ug_l,zscore_normalize,1,0,-0.7109912983278598,-0.7109912983278598,-0.4880015896455935,3.592583053662494,8.683376217690105
URXUCR_creatinine_urine_mg_dl,zscore_normalize,1,0,-1.616605353470291,-1.4702900786528916,-0.1534526052962968,3.110857914081846,8.229322035242182
URXUTL_thallium_urine_ug_l,zscore_normalize,1,0,-1.5557009198010656,-1.308279203648603,-0.2099593235356691,3.5072060356188017,8.167551597157109
WTFOLPRP__p_folfms,zscore_normalize,1,0,-1.0169899789625982,-1.0021305512088294,-0.3231176480397501,4.415644673188091,9.375368085113116
WTFOLPRP_folate_folate_form_weight_pre_pandemic,zscore_normalize,1,0,-1.0169899789625982,-1.0021305512088294,-0.3231176480397501,4.415644673188091,9.375368085113116
WTSAFPRP__p_ins,zscore_normalize,1,0,-1.0183500054569878,-1.0032092128386938,-0.3136598926272327,4.320455805381948,8.523827961997206
WTSAFPRP__p_trigly,zscore_normalize,1,0,-1.0183500054569878,-1.0032092128386938,-0.3136598926272327,4.320455805381948,8.523827961997206
WTSAFPRP_fasting_subsample_weight,zscore_normalize,1,0,-1.0183500054569878,-1.0032092128386938,-0.3136598926272327,4.320455805381948,8.523827961997206
WTSBAPRP_subsample_ba_weights_pre_pandemic,zscore_normalize,1,0,-0.9880087678624936,-0.9880087678624936,-0.3171060737954151,4.229120008700068,8.080381187317112
WTSVOCPR_voc_subsample_weight_pre_pandemic,zscore_normalize,1,0,-0.9726597815881634,-0.9059386507310182,-0.3182126149486393,4.3200232827599585,9.379672106527217
bun_mg_dl,reference_normalize,1,0,-1.4,-0.8666666666666667,0.0666666666666666,2.2,8.466666666666667
did250___past_year_how_many_times_seen_doctor,zscore_normalize,1,0,-1.76343109133699,-1.3522289430568066,-0.1008685511949033,4.32538796864854,9.999953290916748
rhq332___age_when_both_ovaries_removed,zscore_normalize,1,0,-2.5692642450237217,-2.089807330433502,-0.05839614762846625,1.7130414966044085,11.1192970862318
